text,likes,replies,date,sentiment
"Thanks to hamas for this scene ???

I've read a survey on Gazans, 50% plus they support hamas and willing to sacrifies their lifes and families.
50% minus, they dont like hamas",0,0,2025-02-16T09:26:40Z,0
Octb7th!ğŸ˜¢,0,0,2025-02-08T20:09:59Z,0
"If israel want israel map at time of moses than all world wants same map at time of moses, but it is not possible to go back in time, israel shud stay within current borders, and all other countries shud stay within their borders and no wars.",0,0,2025-02-06T05:32:43Z,0
Israel will make it new again and if they keep a lid on the destructive ideology they may be able to live near the Palestinians again.,0,0,2025-01-15T19:09:11Z,0
hamas destroyed everything they had.,0,0,2025-01-05T22:29:13Z,0
"Why them lie them was sleeping in a prison for many years ... this was a normal city 
A prison was built in Syria, by Irans sulatns money ğŸ’° 
A Palestini is done to Palestinis just to stay on the king chairs",0,0,2025-01-05T17:41:32Z,0
Still standing some houses ..work to do idf .,0,0,2025-01-05T00:49:17Z,0
Palestinians started this war,0,0,2025-01-04T16:26:34Z,0
"What nonsense and propaganda, telling the world that Gaza was an open air prison ğŸ¤· It looked nothing like a prison ğŸ¤·",0,0,2025-01-04T15:56:09Z,0
"They wanted the war, now the play the victim â€¦",0,0,2025-01-03T14:18:26Z,0
"Imagine if Europeans peacefully gave the land back to the native people..America, Australia, Israel and many more..",0,0,2024-12-18T11:24:03Z,0
Perhaps rocket launchers should not have been part of the landscape.,0,0,2024-12-18T03:45:04Z,0
lol sky showing everything except terrorist always show bombed building,0,0,2024-12-08T22:50:24Z,0
"Oh this is the ""open air prison"" before? This is why they need a separate organization to take care of them? 76 years 3 generations living in complex buildings and still considered ""refugees"", who eats this $hit?????!",1,1,2024-12-05T17:37:09Z,0
Fked around and found out,1,0,2024-11-26T09:22:09Z,0
I am the saver I am the destroyer...... says.  Lord Shree Krishna.,0,0,2024-11-25T19:12:25Z,0
The most dangerous animals ?  THE HUMAN.    the eco will fail.,0,0,2024-11-25T10:59:48Z,0
They could have lived in peace in that paradise.,3,0,2024-11-25T09:28:43Z,0
the 8th of october There Was huge party in Those Roadsâ€¦ maybe They have exagerete with Fireworksâ€¦(I pray for Peace for Booth Israeli and Palestinans),1,0,2024-11-24T20:13:06Z,0
They truly could have had it all. But the wanted more.,1,0,2024-11-24T09:22:12Z,0
"If hamas wants to own land, book a trip to mars via space x they can do what they want to do there.",0,0,2024-11-22T05:11:11Z,0
"i assume, palestinian is different with hamas.. Hamas makes this",0,0,2024-11-22T01:34:34Z,0
"From dancing, celebration and shouting in the streets to this day. FAFO ğŸ˜¢",0,0,2024-11-21T10:03:48Z,0
It's all Hamas fault,1,0,2024-11-20T23:26:41Z,0
What happened to the people they lived there??,0,0,2024-11-18T14:51:27Z,0
"They voted in Hamas and Hamas spent all that tax on rockets, gold and tunnels",0,0,2024-11-15T15:16:25Z,0
"Muslims love all this tho, I donâ€™t understand it myself, I like Wi-Fi, pizza, electricity and running water to much.",0,0,2024-11-15T15:12:48Z,0
All at behest of Allahs will..and Allah has to pay for his sins.,0,0,2024-11-15T11:34:07Z,0
"Hamas did this, not isreal",0,0,2024-11-14T20:49:21Z,0
Hamas is totally to blame for all this.,0,0,2024-11-13T22:33:56Z,0
only question i have.. in this place no factors no natural resources and no farming..how people are getting money.. i see the population is huge.. what is the magic,1,0,2024-11-07T23:14:32Z,0
still building are there..,0,0,2024-11-07T23:13:23Z,0
Dats d price of war.ğŸ˜¢,0,0,2024-11-07T07:25:14Z,0
The before footage doesn't appear to be in need of aid...the Palestinians have had it too good for too long.,0,0,2024-11-05T21:49:45Z,0
But... Who started the War first ?,0,0,2024-11-05T15:05:18Z,0
also likewise is mankind before and after islam,0,0,2024-11-05T11:47:14Z,0
Sad to see my birth city destroyed by extreme radical ideology. We lived along so many wonderful people with the biggest hearts.,0,0,2024-11-05T10:04:05Z,0
Lesson learned in a hard way.... Don't mess with wrong people,1,0,2024-11-05T09:34:36Z,0
Only the Gazan Palestinians chose this path.  Most of the West Bank Palestinians are sensible enough not to get into this messy arrangements.  I do hope that Israel and the Palestinians would enter into the final agreement so they can look forward to a stable and progressive future.,1,0,2024-11-05T05:19:13Z,0
And the tunnels and probably the hostages are underneath everything.,0,0,2024-11-05T04:27:21Z,0
Take good article frome good nation. That make good people for  palasten. That never get frome god,0,0,2024-11-04T13:58:53Z,0
"Oh my GOD, this is totally DESOLATION",0,0,2024-11-04T09:49:05Z,0
Finally humanity is winning,0,0,2024-11-04T09:00:33Z,0
Thank god Allah is with Israel...   Israel is fighting for sunni Muslim,0,0,2024-11-04T08:58:54Z,0
I still see few builds are intact,1,0,2024-11-04T08:45:18Z,0
They were dancing AND celebrating in those streets the after OCT7. Now it really looks like an open air prison,2,0,2024-11-03T03:31:05Z,0
Such a beautiful place and innocent common people facing such a terrible situation because of Hamas terror groups. Hamas terror group destroyed everything,0,0,2024-11-03T02:10:21Z,0
didnâ€™t look like a concentration camp to me,0,0,2024-11-02T20:30:01Z,0
Zionists and humanity don't go hand to hand,0,0,2024-11-02T20:07:30Z,0
"Was Gaza before October 7th an open sky prison ?
With buildings, automobiles etc. 
a refuges camp ? with so many commodities ?
Their hate against Israel compels them to commit suicide.",0,0,2024-11-02T17:44:44Z,0
Received  with thanksğŸ˜‚ğŸ‰,0,0,2024-11-02T13:02:25Z,0
Don't play sympathy card,0,0,2024-11-02T11:22:03Z,0
Actually this ir result due to control by iran so never  so be free now  stop war and have a chance to grow like singapore,0,0,2024-11-02T11:12:03Z,0
"O% sympathy for Gaza  people 
Peaceful cummunity",0,0,2024-11-02T03:59:01Z,0
!slam and humanity doesn't go hand to hand,0,0,2024-11-02T03:02:37Z,0
"They chose ""Martyrdom"" and ""72virgins"" over peace and prosperity",0,0,2024-11-02T02:25:38Z,0
Release IsraelÃ­ hostages,0,0,2024-11-01T21:27:45Z,0
This is what sharia law looks in future......................,0,0,2024-11-01T20:30:05Z,0
When believe earth is flat Israel will make your beliefs come true,0,0,2024-11-01T18:00:25Z,0
who is responsible?,0,0,2024-11-01T05:17:05Z,0
Shouldnt pick a fight with a much stronger neigbour,3,0,2024-11-01T04:16:39Z,0
I thought Gaza was a open air prison,0,0,2024-10-31T23:44:25Z,0
"I suppose when the war is over the u.n. will expect Israel to rebuild gaza,,, screw that!",0,0,2024-10-31T20:32:01Z,0
Happy October ğŸ˜‚ğŸ˜‚,0,0,2024-10-31T15:55:07Z,0
The world for the people not for anyone of there was reasons to prove it by their by birth please find the origin of facts of civilization ages it is very clear and crucial ğŸ˜¢,0,0,2024-10-30T15:09:03Z,0
Shame on Skynews,0,0,2024-10-30T14:25:54Z,0
"Jeremiah 31:35-37 KJVS
Thus saith the Lord, which giveth the sun for a light by day, and the ordinances of the moon and of the stars for a light by night, which divideth the sea when the waves thereof roar; The Lord of hosts is his name: [36] If those ordinances depart from before me, saith the Lord, then the seed of Israel also shall cease from being a nation before me for ever. [37] Thus saith the Lord ; If heaven above can be measured, and the foundations of the earth searched out beneath, I will also cast off all the seed of Israel for all that they have done, saith the Lord.",0,0,2024-10-30T11:42:47Z,0
To even things up ...  now post pictures of the kibbutz's and highways in Israel before and after Oct 7.,0,0,2024-10-30T11:30:24Z,0
This is war everything thingbus allowed,0,0,2024-10-30T09:13:34Z,0
"It's amazing that everyone thinks that Israel prevented them from something like flying or living a free life.   They are an enemy of Israel who fired missiles at Israel, but everyone forgets that Gaza, which was under the control of Egypt before 1967, has a border with them.  So if someone complains, let them go to Egypt.",0,0,2024-10-30T08:36:05Z,0
They were never satisfied.,0,0,2024-10-30T06:13:00Z,0
This is not a war starting with no reason. Israel suffered a lot over past years.,0,0,2024-10-30T05:56:14Z,0
"Netanyahu said after the 7th of October attack by Hamas Palestinians that GAZA WILL NEVER BE THE SAME AGAIN.
Lesson learnt? Maybe not. Time will tell.",0,0,2024-10-29T21:05:11Z,0
The title is even misleading as Israel Hamas War. Its a war on Palestine stupied Israel planning to settle on the land soon.,0,0,2024-10-29T17:40:57Z,0
"Not quite an open air prison... 
next time spend the money building furture not war tunnels",0,0,2024-10-29T14:45:30Z,0
Lebanon also want that...,0,0,2024-10-29T12:54:46Z,0
Hamas ask for war. This is the result,0,0,2024-10-29T12:27:34Z,0
Now whose fault hamas just dance the tune because of your foolish decision without considering the general Gaza population! and who knows your ending.,0,0,2024-10-29T11:28:07Z,0
Gaza now look so beautiful,1,0,2024-10-29T06:45:29Z,0
Caused by Hamas foolishness.,0,0,2024-10-29T03:22:58Z,0
"This is what a physical wreckage looks like, I wonder what to soul of the people who were kidnapped looks like ??",0,0,2024-10-28T18:13:43Z,0
No lunch is free,0,0,2024-10-28T15:31:43Z,0
. . cannot be termed by any name except â€˜invited curseâ€™ ! . .,0,0,2024-10-28T14:10:32Z,0
I thought the vultures say its an open air prison?so from open air prison to parking lot ğŸ˜‚,0,0,2024-10-28T12:56:07Z,0
Reason behind these destruction is holy book.,0,0,2024-10-28T12:07:37Z,0
It was the reaction of Israel,0,0,2024-10-28T08:58:47Z,0
HAMAS is responsible for GAZA ruin,1,0,2024-10-28T08:57:01Z,0
Thanks  to a crazy book which is root cause of worldâ€™s 90% violence and unrest! Peace.. ğŸ˜”,1,0,2024-10-28T04:24:01Z,0
A shame Hamas caused this. And those who support them.,1,0,2024-10-27T21:02:46Z,0
"Earlier it was not appearing as Islamic country but after 7/10, is had become true and real izlamic country.",1,0,2024-10-27T18:02:09Z,0
Hamas is responsible for all these,1,0,2024-10-27T17:00:06Z,0
Muslim around the World Is Celebrating 7 October But when ISRAEL Respond With Full Force they Started Crying,3,0,2024-10-27T15:04:38Z,0
Who's responsible??,0,0,2024-10-27T14:19:43Z,0
Olny reason for iran and proxy,0,0,2024-10-27T09:42:55Z,0
"Oct. 7 , there's joy and dancing all over there and England as well.",4,0,2024-10-27T08:55:36Z,0
"Now Gaza looking nice , beautiful.",5,0,2024-10-27T06:17:10Z,0
Dead and so called hostage people life before October 7 and after.. The killed people's family sufferings is more than these buildings and these destroyed buildings are possible to be constructed better than this. But the life of those people? ğŸ˜¢,0,0,2024-10-27T04:52:20Z,0
Palestinians asked for this,0,0,2024-10-27T03:30:03Z,0
where is your allah,0,0,2024-10-27T02:36:18Z,0
They were thinking that Iran will helpğŸ˜‚ğŸ˜‚ğŸ˜‚ğŸ˜‚ and without understanding the consequences started the warğŸ˜‚ğŸ˜‚ğŸ˜‚,0,0,2024-10-27T02:18:59Z,0
They were thinking that Iran will helpğŸ˜‚ğŸ˜‚ğŸ˜‚ğŸ˜‚ and without understanding the consequences started the warğŸ˜‚ğŸ˜‚ğŸ˜‚,0,0,2024-10-27T02:18:39Z,0
The muslims should stop preaching hates and violence to other religions. They say Islam is a religion of peace but we see their actions otherwise.,0,0,2024-10-27T01:35:24Z,0
"When Israel evacuated Jews from Gaza { Kafaza}   they left their Green houses to them. Jews were making Billions from it. 
Gazans burnt it down and dug and gave water pipes to Hamas for Rocket Making. 
Jews gave their Synagogues to them also  for use as Event Halls.  Gazans pulled it down. 
Israel even dug all graves and took them away and left the Cemeteries empty for Gazans.",0,0,2024-10-26T23:00:37Z,0
"Wrong turn, life changes",0,0,2024-10-26T17:52:53Z,0
"Before imagesâ€¦

Thatâ€™s got to be the most luxurious â€˜open airedâ€™ prison in the history of the entire worldâ€¦",0,0,2024-10-26T13:59:37Z,0
"Mistake of hamas , hezabullah and iran...
Leaders of iran  must take responsibility...",0,0,2024-10-26T08:10:54Z,0
This situation is exactly what you'd call 'RIP',0,0,2024-10-26T07:08:25Z,0
They destroy their own city n blame Israel...if there no 7 Oct...they still have their home...and its useless when they built palastine state..how can they rebuilt that city?? For the begining hamas do not care for gazan people...they only want built terorist base...not a home for palastine...,0,0,2024-10-26T06:48:01Z,0
Try Yoga instead of Religion,0,0,2024-10-26T04:55:35Z,0
And Palestinians never blame Hamas instead they blame Israel who only defended their country...,1,0,2024-10-26T03:33:40Z,0
This is what exactly happens when 16 years back Palastines choose terrorist to rule them....,0,0,2024-10-25T22:50:23Z,0
"Next time, think twice before declaring war to another country.",1,0,2024-10-25T22:04:45Z,0
Who is responsible for it blame them ! Still holding hostages .. shamelessly,0,0,2024-10-25T12:15:40Z,0
Jamas wants to go back to how the land was before some civilization,0,0,2024-10-25T10:51:54Z,0
So beautiful,0,0,2024-10-25T09:50:10Z,0
Consider the logic of attacking a country with one of the strongest militaries in the world and massacring thousands of their people.,0,0,2024-10-25T05:01:18Z,0
"They dont want dollars for hostages only thing they want is free and independent state who has own currency, freedom, rights and so on...is it too much to ask for???",1,0,2024-10-24T16:13:18Z,0
"For them, Jihad was important than having a relatively peaceful life and better future.",0,0,2024-10-24T13:43:04Z,0
Example of self-destruction,0,0,2024-10-24T08:53:10Z,0
No space is jannathğŸ˜‚,0,0,2024-10-23T14:54:36Z,0
"Palestine
No water 
No food 
No medicine 

But they have lots of rockets.",0,0,2024-10-23T09:37:27Z,0
After 7 the October it looks more beautiful,0,0,2024-10-23T03:08:39Z,0
How do a religion spoil a country.This is the best example.A beautiful country now looks like a graveyard....ğŸ¤¨ğŸ¤¨,0,0,2024-10-23T02:50:04Z,0
"Ha ha ha ha. stay away from false prophet, PBUH, false religion, and moon god. Stop believing in mickey mouse story about madhi and donald duckling stories. Fre fre free Palestine from rubbish ideologies.",0,0,2024-10-22T15:32:23Z,0
Save hindu people in Bangladesh and pakistan,0,0,2024-10-22T09:21:45Z,0
Who's money it is? Defenitly doesn't belong to Palastinians...,0,0,2024-10-22T02:01:08Z,0
"Eventhough, I am living comfortably in India, when I look at this video, it is giving so much pain to my heart. Father God touch everyone with your unconditional selfless love  and enable them to stop  all kind of wars in the planet earth.",1,0,2024-10-22T01:36:37Z,0
Gaza is returning to its root during the time of Abraham when its all an open field.,0,0,2024-10-22T01:33:40Z,0
India should learn from isreal,1,0,2024-10-21T15:57:34Z,0
Now they can build up the town instead of building tunnels,0,0,2024-10-21T04:48:03Z,0
"One should know with whom we are playing with """,0,0,2024-10-21T02:47:52Z,0
Sky News UK. Is getting worse than bias BBC.,0,0,2024-10-20T15:27:19Z,0
Same was happen in germany in ww2,1,0,2024-10-20T12:20:48Z,0
Same was happen in germany in ww2,0,0,2024-10-20T12:20:03Z,0
Its all becouse of foolish thought of islam....,0,0,2024-10-20T06:16:40Z,0
"Al Aqsa flood.... not a good idea. Next time, they will think better.",0,0,2024-10-20T03:41:21Z,0
Where are the people dancing in the street?,0,0,2024-10-20T00:52:46Z,0
They voted to be governed by a terrorist group ğŸ¤·ğŸ¼â€â™‚ï¸,1,0,2024-10-19T13:26:27Z,0
They Truly Trust This ğŸ‰ğŸ‰ğŸ‰,1,0,2024-10-19T12:05:14Z,0
To think these war mongers are still fighting...,0,0,2024-10-19T07:54:27Z,0
"Let's be honest here nothing is occupied looked bang on right next to the sea , what a pointless war no one has won be heartbreak for years to come",0,0,2024-10-18T20:12:02Z,0
NOW MUSLIM HAVE A NEW BUSINESS POST GAJA PICTURE DEMAND FOR DOLLARğŸ˜‚ğŸ˜‚ğŸ˜‚ğŸ˜‚,1,0,2024-10-18T12:35:44Z,0
Whatever gaza citizen has good internet connectionğŸ˜‚ğŸ˜‚ğŸ˜‚,1,0,2024-10-18T12:34:34Z,0
"Itâ€™s not looking like a jail as it was claimed before October 7,,,,",2,1,2024-10-17T20:46:57Z,0
Is that the win Hamas aimed for?,2,1,2024-10-17T18:10:11Z,0
"Its a lession to learn, treasure peace at all cost.",0,0,2024-10-16T12:43:45Z,0
Blame hamas for it,1,0,2024-10-16T11:36:24Z,0
"They built it ugly anyway.
Now they have a chance to build something way better, ah and without Hamas.",6,0,2024-10-15T00:03:50Z,0
Who's gonna blame?ğŸ˜‚,0,0,2024-10-14T07:58:18Z,0
"The IDF are cowards! Gaza's Palestinian's have no Army, Navy or Airforce! This is no war it's Genocide and a War Crime!ğŸ‡µğŸ‡¸",0,4,2024-10-13T10:57:57Z,0
"Question arises :Â  What is plastelin exactly ?. History, something ?...Â  ğŸ¤”Â  Well,Â  there's no ""pali"" people nor state !! this is absolutely the biggest fraud of the century !!.",0,0,2024-10-13T10:16:05Z,0
So this was the open air prison?,3,1,2024-10-12T21:46:49Z,0
They told me that Gaza was a concentration camp. ğŸ˜‚,3,1,2024-10-12T11:19:34Z,0
War is very bad oh my nation Gaza has turned into desert ğŸœï¸ğŸï¸,0,0,2024-10-12T08:29:04Z,0
"Everything in bible has to happen 
God is not man to lie he has to fitful his words",0,0,2024-10-11T21:51:23Z,0
"Zephaniah 2:4
For Gaza shall be forsaken, and Ashkelon a desolation: they shall drive out Ashdod at the noon day, and Ekron shall be rooted up.",0,0,2024-10-11T21:50:03Z,0
It's devastating what destruction Hamas brought upon the Gaza.,0,0,2024-10-11T21:33:47Z,0
Flat earth,0,0,2024-10-11T18:29:11Z,0
Do not make any investments in that area. Do not build anything. Keep it  exactly as it is. Let's see... will the lazy ones rebuild it?,0,0,2024-10-11T07:50:41Z,0
They themselves are responsible for this,0,0,2024-10-11T02:53:36Z,0
Terrorists should not tolerated in any ways or forms. Israel should not blamed for this because this is what Hamas did to Palestinian people.,0,0,2024-10-11T01:51:11Z,0
Climate change is real,0,0,2024-10-11T00:25:41Z,0
the question is WHO STARTED THE FIRE?ğŸ˜…,0,1,2024-10-10T22:07:52Z,0
"We are always told that Gaza is the largest refugee camp in the world but what we see in this video before Hamas decided to launch an attack on predominantly innocent unarmed citizens, not military targets, and massacre them in cold blood, was a bustling city in good working order. Hamas alone decided to end that and still they keep 101 hostages. Peace has never been their aim, that much we know from their Covenant",0,0,2024-10-10T21:40:20Z,0
No Islamic scholar would have approved the attack on the Jews as it would have resulted in bloodshed and more Muslims dying but nowadays nobody listens to the scholars and people of knowledge.,0,0,2024-10-10T21:19:41Z,0
Stop attacking Isreal then,0,0,2024-10-10T20:49:11Z,0
Some few fools with stupid ideology called axis of resistance led to this kind of destruction,0,0,2024-10-10T20:34:38Z,0
"Which one is the holly land between the Israel and Gaza,",0,0,2024-10-10T19:59:40Z,0
Israel cannot afford to lose ONCE!,1,0,2024-10-10T18:11:56Z,0
#Never again,0,0,2024-10-10T17:40:44Z,0
"They severely miscalculated their actions on October 7..  I wonder who was that genius who first suggested ""Let's go to another country, cause destruction, kill and abduct their civilians.""",0,0,2024-10-10T16:20:48Z,0
Wait a minute !! The before ! That was not an open aired prison nor a refugee camp !!  Were we lied to ?? #LIES.,0,0,2024-10-10T14:37:09Z,0
I am amazed at how much apartheid Israel hates Palestinians. Israel is a messed up regime to continue the atrocities with little concern for hostages.,0,0,2024-10-10T13:31:09Z,0
Sky where are the tunnels ğŸ˜…ğŸ˜…ğŸ˜…ğŸ˜…next time they wont and won't mess with Israel ğŸ‡®ğŸ‡± and IDF and Bibi,0,0,2024-10-10T12:29:27Z,0
Moral of the story don't attack Israel.,1,0,2024-10-10T09:42:46Z,0
"They had trillions of dollars over the years from the West, they used them to build terror tunnels, invest in weapons & jihad schools.
They' could have built Singapore or Dubai invest in education etc. 
Now pay the consequences!
FAFO",0,0,2024-10-10T06:13:51Z,0
Don't rape and murder and torture Israeli citizens,0,0,2024-10-10T03:49:55Z,0
That's how RETRIBUTION works.,0,0,2024-10-10T02:43:18Z,0
not dancing on the streets now ğŸ¤£,2,0,2024-10-09T22:13:17Z,0
ğŸ˜¢ğŸ˜¢ğŸ˜¢ğŸ’”ğŸ’”ğŸ’”ğŸ‡µğŸ‡¸ğŸ‡µğŸ‡¸ğŸ‡µğŸ‡¸ğŸ‡µğŸ‡¸ğŸ‡µğŸ‡¸ğŸ‡µğŸ‡¸ğŸ‡µğŸ‡¸ğŸ•Šï¸ğŸŒFree free â¤ï¸Palestine ğŸ‡µğŸ‡¸,3,0,2024-10-09T15:49:33Z,0
Gazans don't want to be happy ğŸ˜‚,0,0,2024-10-09T13:38:34Z,0
happy 7 october hamas .. ğŸ‡,2,0,2024-10-09T12:29:44Z,0
Haha Iran abandoned the Gazans..they were manipulated by ayatollah to their destruction,1,0,2024-10-09T11:31:41Z,0
"Subhan Allah. Allahu akbar. la hawla wa la quwata illa billah (There is no power nor strength except with Allah.)
O Allah, ease the misery, plight and suffering of the Palestinian people.
O Allah, help Palestinian people rebuilt their country, rebuild their infrastructure, rebuild their economy 
O Allah, safeguard Palestinian people from aggression, oppression, abuse, torture and harassment.
O Allah, protect the honor of detained Palestinians; safeguard them from oppression, abuse, torture and injustice.
O Allah, help Palestinians, give them noble provision, recompense them with good
O Allah, have mercy on Palestinian people, bless them, support them, rescue them, shelter them
O Allah, heal the oppressed Palestinians, cure the wounded, console them, comfort them
O Allah, help Palestinian people reclaim their country, reclaim land, regain their rights
O Allah, help the Palestinian people to remain steadfast and resilient
O Allah, defeat all sinister plots against Palestinian people
O Allah, grant victory to Palestinians against murderers, aggressors, oppressors, criminals, illegal occupiers and colonials.
O Allah, guide all Muslims to adhere to the path of Qur'an and Sunnah of prophet Muhammad (Sall-Allahu alayhi wa sallam)
Ameen ya Rabb Al 'Alameen",0,0,2024-10-09T10:20:26Z,0
it was thriving before october 7.,0,0,2024-10-09T07:02:11Z,0
How Hatred and Vengeance on Jews caused their own destruction !!!,0,0,2024-10-09T05:27:17Z,0
This is called Insrail,0,0,2024-10-09T02:52:31Z,0
"Gaza's been Inhabited since at least the 15th century BC, it's been dominated by different peoples and empires throughout its history. TheÂ PhilistinesÂ made it a part of theirÂ pentapolisÂ after theÂ ancient EgyptiansÂ had ruled it for nearly 350 years. Under theÂ Roman Empire, Gaza experienced relative peace and itsÂ Mediterranean portÂ flourished. In 635 AD, it became the first city in theÂ Palestine regionÂ to be conquered by theÂ Rashidun armyÂ and quickly developed into a centre ofÂ Islamic law.""Â NETANYAHU'S AGGRESSIVE QUEST FOR REVENGEÂ DESTROYED IT AND IT'S ANCIENT HISTORY IN LESS THAN 3 WEEKS! Gaza belongs to Palestine not Israel's illegal settlers!ğŸ‡µğŸ‡¸",0,1,2024-10-09T01:20:16Z,0
I am from Pakistan. Gaza is beautiful even during and after the war. My Palestine will live foreverğŸ‡µğŸ‡¸â¤ï¸â€ğŸ©¹,0,0,2024-10-09T00:52:17Z,0
Sure didn't look like an open air prison before October 7.,3,0,2024-10-09T00:22:54Z,0
"The Hamas built tunnels, but didnâ€™t build any bomb shelter for the Palestinian people, according to sources on social media. In fact the Hamas purposely built tunnels and military facilities under schools, hospitals, apartments. Surely the people knew of these constructions going on, but they didnâ€™t know that they would be used as a human shield.",0,0,2024-10-09T00:22:43Z,0
"Dancing and cheering about October 7th,  was it all worth it ?",0,0,2024-10-08T22:29:56Z,0
Remember not to mess on Israel any longer.,2,0,2024-10-08T22:19:33Z,0
0:01 all those tall buildings in the background where gone in 2019 after Israel bombed them and now the remaining towers bites the dust. Gaza now has no skylineâ˜¹ğŸ™ğŸ™,0,0,2024-10-08T22:07:19Z,0
So evil to bring and justify such death and destruction. As evil as to try to blame palestinians for Hamas actions.,0,1,2024-10-08T18:52:31Z,0
"I thought is was a concentration camp / open air prison? Let me remind everyone, Israel withdrew from Gaza in 2005, Gaza has been autonomous ever since. They could have made it into a wealthy Singaporeâ€¦ they chose to build terror tunnels paid for in BILLIONS of foreign aid.",3,0,2024-10-08T17:50:07Z,0
"Shirpa dirkas are the ones with â€REALâ€ doublestandards, moomoozlems never take accountability for anything they determine justifiable because of what the quran says is right and what is wronh.",1,0,2024-10-08T17:36:26Z,0
Hamas and hezbollah to be blamed ğŸ˜¢ Religion is very dangerous,1,1,2024-10-08T17:25:17Z,0
"I thought is was a concentration camp / open air prison? Let me remind everyone, Israel withdrew from Gaza in 2005, Gaza has been autonomous ever since. They could have made it into a wealthy Singaporeâ€¦ they chose to build terror tunnels paid for in BILLIONS of foreign aid.",2,0,2024-10-08T17:20:55Z,0
Muslims wanted this,0,0,2024-10-08T15:56:39Z,0
JEHOVA Bless Israel Forever YESHUA ğŸ‡®ğŸ‡±ğŸ‡®ğŸ‡±ğŸ‡®ğŸ‡±,1,0,2024-10-08T15:28:20Z,0
Enemy never win.,0,0,2024-10-08T15:26:40Z,0
"They are the desert people,like kabila,so they got,what they wanted",0,0,2024-10-08T14:51:34Z,0
They could have lived in peace with Israel and prospered. They chose this.,1,0,2024-10-08T14:34:16Z,0
When hate is stronger than IQ,1,0,2024-10-08T14:20:53Z,0
At least there seems to be much less traffic on the roads.,2,0,2024-10-08T12:54:35Z,0
Are the results of citizens terrorists idolatry?,1,0,2024-10-08T12:43:36Z,0
"Hampshire poked the sleeping lion, what did expect a medal?",1,0,2024-10-08T12:23:16Z,0
"Who is responsible?
It's Hamas-Iran",9,0,2024-10-08T12:07:19Z,0
"Message to Islam- ""Don't Challenge Israel""â¤ï¸ğŸ‡®ğŸ‡± The great Nation",8,1,2024-10-08T11:37:00Z,0
Stop using Jotam Confino!,0,0,2024-10-08T11:20:34Z,0
Miscalculations by Hamas..they thought they can get away from it on sheltering on schools and hospitals.,2,0,2024-10-08T10:52:45Z,0
Too many buildings standing,2,0,2024-10-08T10:44:07Z,0
Palestinians can blame Hamas to starting this war - the response was totally predictable.,2,0,2024-10-08T10:33:08Z,0
What Israel has done will go down in history books as one of the worst atrocities in human history.,1,0,2024-10-08T10:32:59Z,0
War is not an option ğŸ˜¢,0,0,2024-10-08T10:03:27Z,0
"After 57 years of Israel's illegal and brutal occupation of Palestine, Hamas attacked Israel on October 7th, 1,200, were killed and 240 hostages taken! On the 8th October, Netanyahu responded by dropping 73,000 tons of bombs on Gaza's 2.4 million defenceless civillians killing over 37,000, leaving 1.9 million displaced homeless and starving! thousands more were injured and maimed for life! The most heinous war crime in modern history! Gaza belongs to Palestine not Israel's illegal Zionist settlersğŸ‡µğŸ‡¸",1,1,2024-10-08T09:58:26Z,0
Looks better now. Not to worry itâ€™ll soon be cleared and become part of Israel. The Paliâ€™s can go live in Egypt or Jordan.  F around and find outâ€¦they found out.,0,2,2024-10-08T09:53:51Z,0
Is Hamas gonna rebuild Gaza now?,1,0,2024-10-08T09:30:17Z,0
Should not have poked the bear aye.ğŸ¤”,0,0,2024-10-08T09:20:07Z,0
October 7 2023,0,0,2024-10-08T09:18:13Z,0
They have to leave islam and quran then only something good will happen,1,0,2024-10-08T08:52:54Z,0
October7,0,0,2024-10-08T08:20:08Z,0
"well, iran responsible for all this",1,0,2024-10-08T08:09:18Z,0
"In my opinion, someone who doesn't cry for the period between 1948 and October 7th shouldn't cry for October 7th because without 1948, October 7th would never have happened",0,0,2024-10-08T07:54:43Z,0
What a devastating earthquake,0,0,2024-10-08T07:18:03Z,0
"Hamas chose this.  None of this was necessary but Hamas wanted this by attacking Israel on 7 October 2023. Hamas is a cancer on humanity. It is driven by the same mind virus ğŸ¦  that drives ISIS, Hezbollah, Muslim Brotherhood, Boko Haram etc etc.",1,0,2024-10-08T06:30:58Z,0
"Visit Yaman, Afganistan, syria, Iraq, Lebia, where ever Allah ğŸ‘¹..",2,0,2024-10-08T06:09:41Z,0
Whoaâ€¦ talk about your all-time backfire,0,0,2024-10-08T06:04:00Z,0
Lol the amount of comments 'condemning' hamas. Truly vexing that people can be close-minded and stuck in a hole after a whole year of people posting about truth online.,0,0,2024-10-08T05:48:45Z,0
Why gazans allowed hamas to destroy them,0,0,2024-10-08T05:18:13Z,0
"Well Iâ€™ll be damned, Gaza fd around and found out, who would have thought that would happen?",0,0,2024-10-08T04:29:10Z,0
Why don't the Gaza people just leave Israel for good?,0,1,2024-10-08T04:21:06Z,0
Where terrorists are in charge it always ends up this way. Very bad occupation.ğŸ˜‚ğŸ˜‚ğŸ˜‚,1,0,2024-10-08T04:14:16Z,0
This building look ancient,0,0,2024-10-08T04:05:33Z,0
They call for it.,0,0,2024-10-08T02:50:04Z,0
Are they still dancing in the streets?,0,0,2024-10-08T01:40:04Z,0
"How can Israel justify response of Hamas killings of 1000 with 40,000 civilians. 
How can Israel will be more safe after all of this? 
How can peace be achieved and Israel will be acceptable to other neighbouring countries?",0,0,2024-10-08T01:02:28Z,0
Tommy Tommy Robinson,1,0,2024-10-08T00:38:53Z,0
"The Gaza Strip has been destroyed, and bombed back to the stone age.  No water, heat, electricity, or sewer.  Plus, no Western country will help rebuild, or donate.",0,0,2024-10-07T23:49:40Z,0
"Maybe the citizens should have had a VOTE on whether to give Hamas the ""go ahead"" on it`s attack last Oct. 7.It`s quite possible that the citizens that lived in Gaza would have sent Hamas packing. The people that live in Gaza sure didn`t warn the Israelis.
Maybe the people who are standing would have made different choices of who they want to lead them ? And then again, maybe not. Who knows what is going on in their heads.",0,0,2024-10-07T22:22:45Z,0
Gazians should think before the attack on israelğŸ˜…,0,0,2024-10-07T22:21:49Z,0
Crime against humanity!!,2,0,2024-10-07T21:15:21Z,0
Too many buildings still standing.,2,0,2024-10-07T21:02:06Z,0
didnt look like an prison to me before...,6,0,2024-10-07T20:39:36Z,0
"They wanted to be kings of other ruins. 

They become kings of their own ruins.",2,0,2024-10-07T20:35:01Z,0
Handwriting of Hamas and Iran . ğŸ¤·ğŸ¤·,4,0,2024-10-07T20:34:29Z,0
"Remember 1948. After the West kicked the Jews out and pushed them to the middle East. Apparently God promised them 3,500 years ago so they comited genocide and create an apartheid state.",0,0,2024-10-07T20:23:30Z,0
"I thought it was ""man made prison""....",1,0,2024-10-07T19:59:48Z,0
"This is what makes me angryâ€¦
Palestinians saying they want to be free.!!!
They are free..
They were free to vote..
They voted for war..ğŸ’",426,23,2024-10-07T19:45:01Z,0
Settlers are not civilians they are occupiers!,0,0,2024-10-07T19:42:07Z,0
Missed the tunnels and the dancing people,4,0,2024-10-07T19:38:59Z,0
"dont forget that the last 16 times there were peace negotiations, zooming in on the times a peace accord was actually on the table and the talks were not just simantics, the muslims rejected it because: a) they would then have to recognise the state of Israel. b) Iran did not allow it c) they felt they could/should get a better deal. Explain me why I can freely discuss a 2 state solution in Tel Aviv but would get killed on sight for wearing a t shirt with the Israel flag on it in Gaza.",3,0,2024-10-07T19:30:58Z,0
Who seeds wind harvests storm!,3,0,2024-10-07T19:22:07Z,0
Looks alot more peaceful now,15,2,2024-10-07T19:00:16Z,0
"I do wish that the MSM wasnâ€™t so biased in reporting!!   Very selective photography/videoing.  Most of the pre Oct 7th beautiful aerial views. While post Oct 7th very few aerial, most taken from the ground, is that because people would actually see buildings still standing and how very targeted Israel is!  
On another note, MSM and others repeatedly say that Gaza was an open air prison ğŸ¤” didnâ€™t look like a prison to me.",2,0,2024-10-07T18:38:52Z,0
Syria Iraq or Raqqa Idlib many more cities just same pattern by Islamic Terrisom entire world thread by peaceful community,0,0,2024-10-07T18:33:21Z,0
"This conflict didn't start 7.10. 2023 it started 1948 and even before that there was conflicts between the two. It's hard to see that in Israel-Palestine there will be peace one day, other countries can't do nothing, not against terrorism and not against war crimes either just speak and they don't listen, the eye for the eye will probably continue forever and they will continue killing each other and world leaders speak and UN and nothing change. What would thoose who decided to split this countrie think today if they could see what happened after that ?",0,0,2024-10-07T18:22:26Z,0
Gazan they have celebrated!! I remember,12,0,2024-10-07T18:10:15Z,0
Most important thing is they knew that this is going to happen if they stand against Israel. They not only stood but they crossed all their limits. They invite this disaster. Well death destruction any side is not good but yes this is the ultimate truth. Palestine is a goat which didn't survive also many casualties are seen now a days,0,0,2024-10-07T18:05:02Z,0
On October 7th ... Muslims Throughout the World were Jubilant ...,8,0,2024-10-07T17:47:37Z,0
"I don't want any more of my tax money to be sent to Gaza EVER, all they did so far with my money was digging tunnels. Disgusting culture",3,2,2024-10-07T17:40:40Z,0
Many advocates of collective punishment,0,0,2024-10-07T17:39:51Z,0
"Palestinians wanted this war, Palestinians started this war, Palestinians got this war. Why cry now!!???",265,12,2024-10-07T17:36:29Z,0
Happy October. ğŸ˜‚,0,0,2024-10-07T17:04:43Z,0
took over it,0,0,2024-10-07T16:25:42Z,0
see what ethnic cleansing and genocide look like in recent times.,1,0,2024-10-07T16:25:19Z,0
the palistine  war started when briton pulled out of gaza and someone tock over it.,0,0,2024-10-07T16:25:00Z,0
Looks like theyâ€™ll have a reminder for a long time of what happens,0,0,2024-10-07T16:08:16Z,0
The intended purpose for the destruction is to get people focused on rebuilding their lives instead of fighting wars. Will it work?,1,0,2024-10-07T15:57:42Z,0
"Itâ€™s very disappointing that after a year, Israel has achieved only this much, despite having much greater potential.",0,0,2024-10-07T15:29:35Z,0
Iran laughs at them for they fooling them,0,0,2024-10-07T15:21:34Z,0
Lets remember the 75 years of imprisonement of the palestinian people by Israel,2,1,2024-10-07T14:59:45Z,0
"""War, fueled even fiercer by its own ashes."" â€“ True M",0,0,2024-10-07T14:45:09Z,0
Humans sanctifies the place where they live! We create our homes in our image!,0,0,2024-10-07T14:40:33Z,0
Open air prison apparently before,0,0,2024-10-07T14:40:09Z,0
Hamas drag Palestinian to worse thing happened.,0,0,2024-10-07T14:34:46Z,0
Lovely views,0,0,2024-10-07T14:33:53Z,0
This is a clear example of fafo,0,0,2024-10-07T14:27:11Z,0
Parking is now both ample and Free in Gaza,1,0,2024-10-07T14:20:28Z,0
"After WMD style destruction and invasion, did it return all the hostages?

ANS: not even close",0,0,2024-10-07T14:02:01Z,0
Sky showing its bias again. They still havenâ€™t and wonâ€™t condemn Hamas,1,0,2024-10-07T13:57:57Z,0
I wonder if Hamas would do it all over again if they could go back in time,1,0,2024-10-07T13:53:45Z,0
Of course pro israel commentatorğŸ˜‚ğŸ˜‚.... So this is the west media's aim all along....,0,0,2024-10-07T13:51:17Z,0
Shame on Hamas for causing this,34,0,2024-10-07T13:48:41Z,0
"So, where were these â€˜open prisonsâ€™ beforehand? It was all one great big lie in the beginning to get money from the west who believed their manipulations.",3,0,2024-10-07T13:43:46Z,0
"Feeling sad for innocent people, but to find them is also difficult in crowd. 07th Oct is celebrated there.",3,0,2024-10-07T13:41:05Z,0
"To battle for a patch of earth, Is it courage that we see, or selfish mirth? In the struggle for a place to stand, Do we seek the noble, or grasp with hand? A dance of valour, or a selfish claim, In the quest for land, is there honour or shame? For in the silence of our thoughts, We find that all is borrowed, And nothing truly claims our hearts. Our time is but a fleeting breath.",1,0,2024-10-07T13:32:08Z,0
Bif Fafo here ğŸ˜‚ğŸ˜‚ğŸ˜‚,0,0,2024-10-07T13:14:36Z,0
Hamas has been to the Palestinians what the National Socialists were for the Germans:  and for the same reason:  murderous hatred.,1,0,2024-10-07T12:47:32Z,0
This was once a beautiful vibrant city..not an open air prison as we where led to believe..ğŸ˜¢,2,1,2024-10-07T12:47:05Z,0
Always been curios.  Israel built country to protect their people and advanced for a better life. Their Middle East attackers want weapons and power as their people suffer.  It is like living in the Middle Ages where false living prophet rule with their hands extended for money.,2,0,2024-10-07T12:46:18Z,0
Before this they said Gaza is an open prison now they say it was paradise,1,0,2024-10-07T12:39:04Z,0
Donâ€™t pick a fight the next time.,0,0,2024-10-07T12:28:39Z,0
Great that Sky News remembers what happened 1 year ago!!,7,0,2024-10-07T12:25:31Z,0
Who ask for it ?!,0,0,2024-10-07T12:21:56Z,0
Reminds me of Hindu Universities destroyed by muslims during mughals,0,0,2024-10-07T12:18:51Z,0
But nothing about the hostages?,0,0,2024-10-07T12:16:44Z,0
The whole world is waiting for an apology from the Gazans. The Gazans must make an official apology for what they perpetrated on Israel one year ago.,1,0,2024-10-07T12:16:26Z,0
"Very sad and painful to see this, but the truth is they did this to themselves.ğŸ˜¢ğŸ˜¢ğŸ˜¢",13,0,2024-10-07T12:13:20Z,0
Hamas should not have killed peoples,0,0,2024-10-07T12:12:00Z,0
Problem is they never learn...I stand with Israel,17,1,2024-10-07T12:04:50Z,0
"I mean
It wasn't some utopia before.",0,0,2024-10-07T11:59:27Z,0
"Us funded Israeli genocide continues with westener news outlets propaganda.

Israel controls their water and electricity,  they have been under siege since 2007",0,0,2024-10-07T11:50:59Z,0
Humanity has failed.,0,0,2024-10-07T11:43:19Z,0
"It is so sad, it is as if all the hamas' missiles have rained down on gaza itself.",0,0,2024-10-07T11:36:54Z,0
Sky news is saddened that their terrorists home is destroyed,3,0,2024-10-07T11:31:40Z,0
Its impossible to tell what year it is in gaza ' their all war mongering terrorist ' so it looks the same as it did in the 70s ğŸ¤·â€â™‚ï¸,0,0,2024-10-07T11:18:28Z,0
I will never understand why the people of Gaza wanted this war!,58,4,2024-10-07T10:58:38Z,0
"On the face of extreme violence and destruction, one's mind look for peace.
Same is happened with King Ashoka at Kalinga war.
All the parties of violence must realise that it is their religious philisophy that brought them to fight with each other in this modern world. 
So follow Budhism, the ultimate path to peace.
Om Asato Maa Sad-Gamaya |
Tamaso Maa Jyotir-Gamaya |
Mrtyor-Maa Amrtam Gamaya |
Om Shaantih Shaantih Shaantih ||
But Beware about Missioneries financed by western countries, they converted 90% of Budhists.
Save Budhism for world peace.
Om Bhudhaya Nama!",0,0,2024-10-07T10:56:25Z,0
Leave nothing.,0,0,2024-10-07T10:53:38Z,0
"amid all this, remember that Jews are ""Gods chosen people""!",0,0,2024-10-07T10:34:12Z,0
"play stupid games, win stupid prizes",2,0,2024-10-07T10:31:06Z,0
The  Broken days,0,0,2024-10-07T10:06:42Z,0
"It seems everywhere in Gaza and Lebanon is HAMAS or Hezbollah but everywhere in Israel is civilian, according to the very truthful IDF.",0,0,2024-10-07T09:55:32Z,0
Well than they must not attack IsraÃ«l. I dont feel sympathie.,1,0,2024-10-07T09:39:27Z,0
This is Palestine choice.,6,0,2024-10-07T09:15:52Z,0
Hamas didnt even care about the very people they are meant to be fighting for.,6,0,2024-10-07T08:38:40Z,0
ONLY THREE CITIES IN GAZA ARE IN THE WAR ZONE THE REST GO TO SCHOOL WORK SHOPPING CENTERS - WHERE ARE ALL RICH PEOPLE OF THE ARAB WORLD TO HELP ISRAEL?,0,0,2024-10-07T08:22:08Z,0
But gazans were celebrating October seven they should also celebrate this !!,26,0,2024-10-07T08:19:07Z,0
They asked for it !,1,0,2024-10-07T08:18:22Z,0
One year completeğŸ˜¢,0,0,2024-10-07T08:14:18Z,0
While Sinwar his henchmen and family live a billionaire lifestyle.,0,0,2024-10-07T08:08:42Z,0
Looks like letting HAMAS run your country is not a good idea at all.,1,0,2024-10-07T08:07:25Z,0
More reasons why war should be avoided at all costs,1,0,2024-10-07T08:03:38Z,0
Lesson: never play war games.,7,0,2024-10-07T07:42:36Z,0
Yet not one word of regret from any one on the Palestinian side. In which case we can only deduce that they wanted this.,10,0,2024-10-07T07:19:57Z,0
Courtesy of Iran and its terror proxies â€¦. And MSM like sky News and the BBC,0,0,2024-10-07T07:19:03Z,0
"The ""innocent"" â˜ªï¸ivilians ain't dancing around dead InfideIs no more",2,0,2024-10-07T07:18:16Z,0
"They asked for it, they got it.",2,0,2024-10-07T07:07:42Z,0
Gazans invited this on themselves. So stupid they are,2,0,2024-10-07T06:57:08Z,0
This is the Find Out part of FAFO,0,0,2024-10-07T06:40:33Z,0
"Still looks better than Bakhmut, Avdiivka, Vuhledar, Kherson, Chasiv Yar, Mariouple and many more ğŸ™ƒ",0,0,2024-10-07T06:32:40Z,0
Google Maps Gaza and all cities.  Latest uploaded photos is 'a year ago' . No uploads since - or theyve been deleted.,0,0,2024-10-07T06:29:01Z,0
"So, before October 7 it was the occupied territory under Israel pressure with hard conditions to live? Or it was a nice rich city destroyed now by war inspired by Gaza people? Just decide what your message is...",1,0,2024-10-07T06:25:57Z,0
Israel is a terrorist country,0,0,2024-10-07T06:25:41Z,0
people still walking there after what they did. real shame.,0,0,2024-10-07T06:18:59Z,0
Why does Israel have to fight the palestinian civil war against hamas?,1,0,2024-10-07T06:14:51Z,0
"Israel will be looking like this.. 
Just wait.......",1,0,2024-10-07T06:11:17Z,0
Just like most uk towns after the footballs been on,0,0,2024-10-07T05:52:57Z,0
Biased show both camera angles not just the first one,0,0,2024-10-07T05:49:46Z,0
Hamas should have think of the consequences before committing October 7th attacks,7,0,2024-10-07T05:48:35Z,0
HAMAS IS STUPID. THE EVIL ONE THAT BRINGS CHAOS TO PALESTINE. SHAME ON HAMAS. HAMAS START THE WAR AND PLAY VICTIM WHEN START LOSING.,1,0,2024-10-07T05:45:10Z,0
US and western governments care more about Israeli citizens than their own citizens.,0,0,2024-10-07T05:40:37Z,0
"Before starting a war, do not think the other side will be quiet.",2,0,2024-10-07T05:40:30Z,0
This Muslims don't like good n beautiful things instead they love destruction everywhere they go,1,0,2024-10-07T05:40:10Z,0
Right Title - One Year after Khamenehis Evil Plan of Attack on Israel,0,0,2024-10-07T05:27:25Z,0
Imagine thereâ€™s no heaven,0,0,2024-10-07T05:20:22Z,0
"Humans fight , Buildings CryğŸ˜¢",4,0,2024-10-07T05:19:52Z,0
See what happened,0,0,2024-10-07T05:14:48Z,0
I will not fight for any god that will coursed this kind of pain in humanity. This is a sign that their allah gods hate humanity,0,0,2024-10-07T05:13:22Z,0
A self inflicted wound.,0,0,2024-10-07T05:10:28Z,0
What goes around comes around for Gazan. Blame Hamas and the terrorists proxies.  It has nothing to do with Israel. This what we called kharma.,16,0,2024-10-07T05:08:25Z,0
They paraded and partied dead civilian bodies in those streets.. and now they claim they are the victim when it backfires to them.,1,0,2024-10-07T05:06:47Z,0
Question for Palestinians. Was it worth it?,0,0,2024-10-07T05:03:41Z,0
The result of the Book that teach hatred,1,0,2024-10-07T04:53:01Z,0
Very pestful country,0,0,2024-10-07T04:50:37Z,0
These much years of 5 times prayer this is what hooriye literature provides.  Heaven,0,0,2024-10-07T04:43:27Z,0
Don't messed with GOD'S peopleâ¤,14,2,2024-10-07T04:38:10Z,0
Yediot aharonot : Idf soldiers hide in badroom!!!! Its a shame,0,0,2024-10-07T04:37:12Z,0
"Thatâ€™s what happens when u elect a terror organization as your leader ! 

Your hate towards Jews causes u to
Loose everything. 

The U.S. will ALAWYE stand with Israel ğŸ‡ºğŸ‡¸â¤ï¸ğŸ‡®ğŸ‡±",0,0,2024-10-07T04:31:17Z,0
We stand with Israelâ¤,15,2,2024-10-07T04:10:47Z,0
The outcome and consequences of glorifying terrorism,3,0,2024-10-07T04:08:17Z,0
"If Iran and Lebanon is wants to see the future on how their cities will look in 1 year, this is a nice preview lol",4,0,2024-10-07T04:04:51Z,0
Lesson learnt by Palestinians :  Don't start a war and then cry for help - enjoy your life now,506,28,2024-10-07T03:56:02Z,0
So it wasn't a concentration camp then?,0,0,2024-10-07T03:51:56Z,0
Iran scammed Palestinians,0,0,2024-10-07T03:51:30Z,0
Free Palestine from Hamas,0,0,2024-10-07T03:48:54Z,0
"Palestinians are refugee in theirs Homeland, how funny this is? Netanayahu says,  "" France President Emanuel Macron is uncivilized "" . I asked, ""  Are Jews or Israeli Civilized?""  But why Adolf Hitler Killed thousands of Jews?",0,0,2024-10-07T03:45:36Z,0
"PUTIN created this chaos. PUTIN wouldâ€™ve lost control if the Middle East peace plans went ahead. 
PUTIN determined to dismantle NATO.",0,0,2024-10-07T03:31:25Z,0
"Condoleces to Skynews and the BBC !!!!
ğŸ‡®ğŸ‡±ğŸ‡®ğŸ‡±ğŸ‡®ğŸ‡±ğŸ’ª",45,0,2024-10-07T03:04:46Z,0
Play stupid games win stupid prizes,0,0,2024-10-07T03:03:03Z,0
Middle East been like this since 1948 when Americans kicked Jews out and sent them to Middle East this is not new,0,1,2024-10-07T02:49:32Z,0
This is not new itâ€™s been like this for the past 75 years,0,0,2024-10-07T02:48:50Z,0
What a transformation,0,0,2024-10-07T02:42:20Z,0
Iran made fools out of Gazans,0,0,2024-10-07T02:34:53Z,0
Who's fault...???,2,0,2024-10-07T02:19:08Z,0
"Remember, these people were dancing in the street after the cross border attack.",881,16,2024-10-07T02:17:29Z,0
Iran is responsible for this.,1,0,2024-10-07T02:13:08Z,0
And the hostages ???,0,0,2024-10-07T02:02:07Z,0
Super answer given by Israel ğŸ˜‚ğŸ˜‚ğŸ˜‚,8,0,2024-10-07T01:45:50Z,0
Most of infrastructures were in gaza build from international aid. Sinwar did monkey business and gazans suffer alot! Stop supporting jihadi people,1,0,2024-10-07T01:17:56Z,0
If iran didnt  supply all these  ppl this wouldn't have happen non at  all ....,0,0,2024-10-07T01:13:39Z,0
It Looks like Pollution has reduced by 90%,1,0,2024-10-07T01:04:22Z,0
"It is so sad to see the destruction of Gaza but Hamas terror tunnels are still there, barely touched by IDF.",1,0,2024-10-07T01:00:08Z,0
German and Japan looked even worse after WWII. Don't start a war.,248,2,2024-10-07T00:55:27Z,0
Why stop dancing now??,0,0,2024-10-07T00:55:11Z,0
GAZA BEFORE THE OCTOBER 7 BASTARDLY ACTS OF HAMAS was a beautiful place though people are poor yet they can live a good life. After they make wars with Israel it is mostly a no mans land.,0,0,2024-10-07T00:54:44Z,0
"I wish 7th October never happened. see Gaza now . This is not about Hamaz, it is 'DEEP ESTATE ' cult",0,0,2024-10-07T00:32:51Z,0
Wow some refugee camps. This is what it looks like living on international welfare.,0,0,2024-10-07T00:20:02Z,0
"Simple, no islam no wars....",304,14,2024-10-07T00:16:36Z,0
I expected to see all the delusional Israeli dickriders in these comments. I wasn't disappointed.,0,0,2024-10-06T23:54:32Z,0
"Israel army rescued Yazidi woman from Gaza after decade in captivity
The army said the 21-year-old woman was rescued in a coordinated and complex operation this week that involved cooperation with the United States,
Jordan and other international partners.

Le Monde with AFP",4,0,2024-10-06T23:43:59Z,0
"No offense, but Allah wished all this upon the Gazans? No wonder neighboring Islamic countries do not want such refugees!",0,0,2024-10-06T23:42:12Z,0
Probably shouldn't have started that war huh??,5,0,2024-10-06T23:37:15Z,0
Maybe they prefer their Gaza the way it is today?,15,0,2024-10-06T23:30:27Z,0
"Yea, after israel has occupied them for 76yrs they decided to obliterate their habitat when they decided palestinians decided to peotest. Ridiculous behaviour from israel.",0,0,2024-10-06T23:02:06Z,0
Well what can I say HAMMAS and there actions made this happen they had many opportunities to turn in the hostages cause of there actions many innocent ppl died,5,0,2024-10-06T22:57:24Z,0
"In the long run, it all happened over an ideology and hatred of another.",0,0,2024-10-06T22:43:53Z,0
Zionist mass terrorism and war crimes backed by the US and the UK all because European Zionist wanted to illegally invade and occupy Palestine.ğŸ˜®,1,0,2024-10-06T22:25:55Z,0
Ideology   versus  technology,0,0,2024-10-06T22:24:53Z,0
"This is what Hamas wanted, right? Slaughtering more than a thousand jews in the most gruesome way, with no military/tactical purpose to it means they just wanted Israel to retaliate hard so Hamas can draw the victim card and generate muslim outrage and anti-israeli sentiment. They got this from az-Zarqawi. It's all part of their plan.",1,0,2024-10-06T22:04:36Z,0
Disgraceful what the Israelis and their government have gotten away with for over a century! Especially tomorrow Palestine and its people will be in my thoughts and prayers. Free Palestine!,0,0,2024-10-06T22:03:07Z,0
It's Sky news' personal loss!,1,0,2024-10-06T21:53:08Z,0
And now it looks exactly as it should look after Oct 7 â€¦,16,0,2024-10-06T21:41:01Z,0
Hitler would be turning in his grave seeing the actions of the Israeli regime.,0,0,2024-10-06T21:23:02Z,0
The new Holocaust.,0,0,2024-10-06T21:18:33Z,0
"With the ~us$40bn of aid Hamas received during their time in power, I was expecting far more development to have taken place before October 7th. I wonder where all that money went ğŸ¤”ğŸ¤”ğŸ¤”ğŸ¤”",7,0,2024-10-06T21:17:33Z,0
Hamas literally went there and dragged Israel into their and caused all of that blame Hamas and Iran,17,0,2024-10-06T21:11:34Z,0
This is what hammas do for them people but  is soo sad see this destruction soo sad... my heart crying for all innocents,3,0,2024-10-06T21:00:20Z,0
"Was it not an ""open air prison"" ğŸ˜‚ğŸ˜‚ğŸ˜‚ğŸ˜‚",24,1,2024-10-06T20:58:35Z,0
From grace to grassğŸ˜…,0,0,2024-10-06T20:52:25Z,0
The earth is becoming unbearable and tends to get worse with the arrival of the antichrist.  Receive Jesus before it is too late,0,0,2024-10-06T20:33:47Z,0
I don't see any Israeli occupation before October 7th,20,0,2024-10-06T20:16:14Z,0
US and isnt' real are proud and the media like sky bbc cnn who is hiding the truth and ghey now who is responsible the occupier it will turn to them back with Gods will.,0,0,2024-10-06T20:13:19Z,0
It should be noted that the destruction of <> state of Israel has been going on for around 2500 years. See any Canaanites around?,1,0,2024-10-06T20:06:02Z,0
Hamas is to be blamed. Oct 7 2023 should have NEVER happened. They looked for Trouble and found it. Now want to play VICTIM.,0,0,2024-10-06T20:04:56Z,0
"Play stupid games, win stupid prizes.",232,4,2024-10-06T20:03:28Z,0
"Everyone get, what he searched for...",8,0,2024-10-06T19:59:27Z,0
And they say that were living in prisson...,1,0,2024-10-06T19:56:57Z,0
Blame it on Hamas,0,0,2024-10-06T19:56:01Z,0
They asked for it,5,0,2024-10-06T19:52:28Z,0
Sinwar sees this as an achievement,8,0,2024-10-06T19:50:55Z,0
"No doubt, Sky News blames israel like the bbc,it's all down to biden for giving iran billions",0,0,2024-10-06T19:43:57Z,0
I thought they said it was an open air prison??,135,5,2024-10-06T19:42:39Z,0
To be honest it still looks better than some parts of the U.K,8,1,2024-10-06T19:41:42Z,0
The future of Israel is looking here.,0,2,2024-10-06T19:41:04Z,0
Where are the goats ğŸğŸğŸ˜¢ğŸ˜¢,0,0,2024-10-06T19:37:50Z,0
Just a suggestion - perhaps if the hostages are returned then there could be a different outcome?,18,3,2024-10-06T19:34:36Z,0
ethnic cleansing terrorism in the name of Islamic fanatical hate has its consequences...,0,0,2024-10-06T19:26:21Z,0
Gaza had peace then Hamas made a decision based on hate not peaceâ€¦,150,1,2024-10-06T19:26:12Z,0
"Wow, it doesn't look like a concentration camp or an open air prison from the videos before the war. It's as if the palestinians are lying.",0,0,2024-10-06T19:25:57Z,0
"This is called f around and find out!
Surprised Sky left the comments open. They close comments on the ones that they know will get major pushback to their view. Done a couple yesterday.

All this censorship for 15 years, and gen z are the most right wing generation in 70 yearsğŸ˜‚ğŸ˜‚ğŸ˜‚ğŸ˜‚",9,0,2024-10-06T19:23:04Z,0
War what isit good for absolutely nothing.,0,0,2024-10-06T19:20:04Z,0
It all started with the Balfour Declaration by Lloyd George government 1917 followed by the Palestinian Mandate and the jewish terrorist groups tge Irgun and Stern Gangs led on to the Nakba followed by the murders if yhe 4000 in yhe Shatila Sabra refugee camps by Ariel Sharon backed militia 1982 was there as well - Oct 7th happened only very recently.,0,0,2024-10-06T19:12:07Z,0
"Is so sad to see this,because of islamic regime how sad this people being brain wash  of terror regime my heart pray to God Father and Lord Jesus Christ to open their eyes of this indoctrinated religionğŸ˜¢ğŸ˜¢ğŸ˜¢",1,0,2024-10-06T19:11:41Z,0
"Beautiful open Air prison before 
Now it's an open Air country with lots of parking spaces ğŸ˜‚ğŸ˜‚ğŸ˜‚ğŸ˜‚ğŸ˜‚ğŸ˜‚ğŸ˜‚ğŸ˜‚ğŸ˜‚ğŸ˜‚

From beep to the sea your hand will be free from his Ball less ğŸ¤£ğŸ¤£ğŸ¤£ğŸ¤£ğŸ¤£ğŸ¤£ğŸ¤£ğŸ¤£ğŸ¤£",0,0,2024-10-06T19:10:18Z,0
"Hamas attacked Israel after listening to Iran, which was in control of IS militants in Syria.

What Iran thought did not happen, what Israel thought did happen

The people today are living in misery because Kamas who invaded and attacked Israel failed to think of the opposite effect

Even if a small snake is a big stick, it is a Tamil proverb

Israel is doing what Kamas failed to do today",0,0,2024-10-06T19:04:47Z,0
This is hamas fault!!!,52,0,2024-10-06T19:02:15Z,0
Next time they will think 10times before attacking Israel,73,5,2024-10-06T18:59:05Z,0
"What an ""open air prison""!ğŸ˜‚ğŸ˜‚ğŸ˜‚ğŸ˜‚ğŸ˜‚ğŸ˜‚",6,0,2024-10-06T18:54:27Z,0
Wonder what they expected! ğŸ˜‚,7,0,2024-10-06T18:51:37Z,0
Amazing what angry little Jews do supported by American people,0,0,2024-10-06T18:49:55Z,0
Islam â˜ªï¸ ancer to blame !!! OCT 7 !!!,58,1,2024-10-06T18:48:19Z,0
Beautiful landscape now ğŸ˜‚,0,0,2024-10-06T18:48:02Z,0
Looks like California before and after the Democrats,0,0,2024-10-06T18:47:06Z,0
It looked so happy before why did they do this to themselves,5,0,2024-10-06T18:44:11Z,0
Arabs and their faith is a curse to the world,1,0,2024-10-06T18:40:59Z,0
"Before oct7 it was open jail , isn't it?? What's the difference?",14,1,2024-10-06T18:38:55Z,0
BLAME HAMAS button ğŸ‘‡,627,3,2024-10-06T18:36:18Z,0
"IDF IS THE ENEMEY OF ISLAM & CHRISTIANITY AND ALL OTHER HUMANITY, DON'T BE FOOLED BY THESE EUROPEAN ZOINIST (IDF) IDIOT DEFENSE FORCES",0,0,2024-10-06T18:29:14Z,0
"SKY NEWS OWED BY ISREAL ELITE RUBERT, THEY OWN SKY NEWS WLEL AS SUN AND TELEGRAM NEWS. The western media only are trying to push the Isreali progangda",0,0,2024-10-06T18:28:34Z,0
Too much of Gaza still stands in my opinion.,130,7,2024-10-06T18:27:01Z,0
Oh i thought they say that gaza is an open air prison??ğŸ˜®ğŸ˜®,52,0,2024-10-06T18:26:54Z,0
"Having lost the war in Gaza, Satanyahoo's only hope is to drag the western democracies into the conflict.",0,0,2024-10-06T18:26:15Z,0
"If the first view was Gaza, then how were they in captivity by Israel? 

That looked like a developed city with good landscape.",52,1,2024-10-06T18:21:08Z,0
What have Aljazeera achieved with their daily over hype of Hamas and Hezbolla?,134,3,2024-10-06T18:20:41Z,0
This would not have happened if Hamas didn't attack Israel on the 7th October,115,7,2024-10-06T18:16:47Z,0
all started with hamas and october 7,1,0,2024-10-06T18:14:51Z,0
Hamas and the Palestinians chose war and they got it.  They  could have chosen peace and been the riviera of the Middle East.,31,0,2024-10-06T18:13:39Z,0
Enjoy Gazans your new open air prison,0,0,2024-10-06T18:13:04Z,0
very sad what hamas has done to palestine,444,8,2024-10-06T17:58:54Z,0
"What a beautiful refugee camp Gaza is, how can I become a life time refugee? what a beautiful open air prison Gaza is, how can I break into the prison? All the lies have been told about the poor poor Gaza Arabs who don't have money or resources because Israel keeps their brobers closed so no products and services goes into Gaza. And to think these people have been living on Western countries taxpayers federal foreign aid money for 75 years.This is the biggest international welfare UN council criminal enterprise ever exposed ğŸ˜®",3,0,2024-10-06T17:57:58Z,0
and they say Gaza was a big jail before October 7.. Seems like it used to be a vibrant city.,339,17,2024-10-06T17:57:26Z,0
Seems like sky tv forgot to film the majestic tunnel networks that were built underground,500,1,2024-10-06T17:56:47Z,0
Iran is turning all these places into rubble,0,0,2024-10-06T17:56:30Z,0
"why don't they learn? fundamentalist factions  spewing hate towards each other& both are losers, its a tragedy.",1,0,2024-10-06T17:55:06Z,0
"Pretty nice ""open air prison"" before...",73,0,2024-10-06T17:54:12Z,0
The results of October 7,22,0,2024-10-06T17:52:28Z,0
Both sides are wrong.,2,0,2024-10-06T17:51:16Z,0
"Bullshit propaganda. 

Israel destructive war",1,0,2024-10-06T17:51:04Z,0
But why did Hamas attack Israel and kidnap innocent people now look. And the people of Gaza supported this. They celebrated the killings and kidnappings now they play victims. Shame on this cult called Islam. France and Britain tolerate this cult,0,0,2024-10-06T17:50:15Z,0
Most beautiful town ğŸ˜‚ğŸ˜‚,1,0,2024-10-06T17:49:46Z,0
"Yet 20 years from now, whatever fanatical terrorist group or govt replaces either side, they will repeat this cycle again. Because these lands are oh so â€˜Holyâ€™.",0,0,2024-10-06T17:43:28Z,0
A lot of msm donâ€™t report the full picture of IDF cruel treatment of the Palestines,0,0,2024-10-06T17:43:07Z,0
No one will rebuild the house on the land of Gaza looking at the devastating  land has become,18,1,2024-10-06T17:41:47Z,0
"So does it mean if Hamas had not broken into Israel to take hostages last year, we would have a different world today? ğŸ¤”...",0,0,2024-10-06T17:40:00Z,0
This is the true and real holocaust.,0,0,2024-10-06T17:39:57Z,0
We as indian stand firmly with our Israeli brothers and sisters,51,2,2024-10-06T17:39:23Z,0
Iran gave Hamas a wrong idea.  African are saying Hamas is winning Israel,1,0,2024-10-06T17:33:41Z,0
War crime,2,0,2024-10-06T17:33:22Z,0
Hamas made the biggest mistake in the history of mankind,780,33,2024-10-06T17:32:42Z,0
"for a couple of thousand jews it hasnt paid off for them ,",0,0,2024-10-06T17:31:22Z,0
This world is not belongs to usğŸ˜¢,0,0,2024-10-06T17:30:45Z,0
"The whole purpose of Arabs' existence is to demonstrate to the world what ""FAFO"" means.",2,0,2024-10-06T17:28:01Z,0
These people prefer death and destruction to what they had before Oct 7th,205,10,2024-10-06T17:22:39Z,0
"Sky New should show what Gaza looked like when when Israel turned it over the Palestinians, and how they wrecked it long before Oct 7th!",3,0,2024-10-06T17:20:09Z,0
"I will like Sky News and all other media outlets to ask the leader of Hamas just one question
.
On hindsight, was 7th October worth the pain they caused their people, who they claim to be fighting for??",56,4,2024-10-06T17:17:37Z,0
War of vengeance  will not solve the problem. Look at how decimated the city has become. This should be a lesson to any terrorist organization planning attacks to a country that have 100x man power than them. My heart goes to the Gaza people that have to go through this because of a handful of people who only think about themselves and their lost cause.,2,2,2024-10-06T17:17:09Z,0
"THIS
IS
HILARIOUSğŸ¤£ğŸ¤£ğŸ¤£",12,2,2024-10-06T17:14:34Z,0
Hitlers sprit in natynyahu,0,0,2024-10-06T17:12:29Z,0
Amazing how they show Gaza before the war and claim at the same time it was a garden spot and an open air prison.,70,4,2024-10-06T17:11:05Z,0
It's like the UK before and after Blair. just less rubbish on the streets,3,0,2024-10-06T17:10:13Z,0
Victim cards in hand waving about.,106,6,2024-10-06T17:08:28Z,0
76 years of Israeli oppression. Something had to give.,2,1,2024-10-06T17:07:57Z,0
"Message to Gaza.
Play silly games, win silly prizes.",691,16,2024-10-06T17:07:52Z,0
A Jewish tantrum is deadly.,0,0,2024-10-06T17:06:54Z,0
All those big shot landlords cannot collect rent on this day ğŸ˜‚,6,0,2024-10-06T17:05:49Z,0
ğŸ˜‚ğŸ˜‚ stupid country,0,0,2024-10-06T16:58:57Z,0
"Russia is in a pretty grim state too, they lost many people after they attacked Ukraine, just like their allies in Gaza have after they attacked Israel",26,2,2024-10-06T16:57:05Z,0
We r not fleeing safe in anywhere bec of Islamic terrorists,0,0,2024-10-06T16:56:08Z,0
"SATAN COMES TO.STEAL 
TO KILL AND TO.DESTROY.AND HAMAS EMBRACED THIS SPIRITUAL.ENTITY.
LOOK AT SINWAR FACE DOES HE CARRIES A FACE OF.A GODLY MAN ? 
GET A PIC OF SINWAR AND SEE FOR YOURSELF",1,0,2024-10-06T16:55:11Z,0
some of those building have tunnel network below. who would've known?,155,4,2024-10-06T16:55:10Z,0
Zero sympathy for barbaric people who choose forever refugee status in order to leech off the world,1,0,2024-10-06T16:54:45Z,0
Got freedom from homes and villas..Thanks Sinwar & co,50,0,2024-10-06T16:54:24Z,0
This is hamas fault killing Israelis civilians do they think they can beat israel and those protesters around the world could help them?,103,14,2024-10-06T16:52:25Z,0
"Israel took 3 weeks to start responding.
October 7th is not about Palestinian victims, it is about Palestinian aggression and Israeli victims",156,6,2024-10-06T16:52:16Z,0
"See what Sinwar and Hamas have ""achieved"" for Gazans",1021,47,2024-10-06T16:48:51Z,0
Iâ€™ve noticed that theyâ€™ve stopped dancinâ€™ â€˜nâ€™ prancinâ€™.,476,6,2024-10-06T16:46:43Z,0
What Hamas has done,187,9,2024-10-06T16:46:04Z,0
Not only Israel stole the land of Palestinians since 1948 but they are commiting a genocide now in Gaza and Libanon with the help of US,0,0,2024-10-06T16:45:58Z,0
sky news should show the difference of Gazanâ€˜ s faces in Oct 7 last year and now,238,1,2024-10-06T16:44:55Z,0
This is why War is bad..,46,1,2024-10-06T16:44:50Z,0
1 part is missing from this clip. The part were palestinians celebrating when hamas took those hostages. I feel zero sympathy for Palastinians but 100 % sympathy for hostages ğŸ˜¢ next time choose ur leaders wisely palastinians,390,9,2024-10-06T16:42:43Z,0
"And Israel thinks this will give them security?  Seriously?

(Also explains why Israel doesn't want any reporters around)",0,0,2024-10-06T16:39:57Z,0
Everyone was fine before October 7.,192,6,2024-10-06T16:37:59Z,0
Jewish ğŸ‘,0,0,2024-10-06T16:35:21Z,0
Lets not forget that Israel was provoked to do this.,114,21,2024-10-06T16:35:17Z,0
"So all this so isreal can have 15 years or so of security. 

Seems the military types aren't yoo smart",2,2,2024-10-06T16:34:24Z,0
